Name,Age,Grade,City,Passed,Exam_Date
Alice0,24,93.0,Phoenix,True,2026-03-01
Nina1,19,,Phoenix,,2026-03-02
Ryan2,20,78.0,New York,True,2026-03-03
Frank3,24,98.0,New York,True,2026-03-04
Leo4,25,79.0,Houston,True,2026-03-05
Jack5,25,62.0,New York,True,2026-03-06
Yara6,21,74.0,Chicago,True,2026-03-07
Leo7,20,54.0,Los Angeles,False,2026-03-08
Hannah8,20,94.0,Chicago,True,2026-03-09
Yara9,19,67.0,Phoenix,True,2026-03-10
Karen10,20,79.0,Los Angeles,True,2026-03-11
Ryan11,23,75.0,Los Angeles,True,2026-03-12
Charlie12,25,100.0,Phoenix,True,2026-03-13
Mona13,23,50.0,New York,False,2026-03-14
Ryan14,25,77.0,New York,True,2026-03-15
Xander15,21,56.0,Chicago,False,2026-03-16
Quinn16,23,99.0,New York,True,2026-03-17
Paula17,19,69.0,Los Angeles,True,2026-03-18
Charlie18,19,84.0,Los Angeles,True,2026-03-19
Ryan19,20,63.0,Los Angeles,True,2026-03-20
Mona20,24,57.0,New York,False,2026-03-21
Sophia21,23,90.0,New York,True,2026-03-22
Karen22,19,84.0,Phoenix,True,2026-03-23
Hannah23,25,92.0,Houston,True,2026-03-24
Xander24,19,75.0,New York,True,2026-03-25
Grace25,23,65.0,New York,True,2026-03-26
Ryan26,19,55.0,Los Angeles,False,2026-03-27
Paula27,22,74.0,,True,2026-03-28
Zane28,25,100.0,Houston,True,2026-03-29
Jack29,20,97.0,New York,True,2026-03-30
Quinn30,25,61.0,New York,True,2026-03-31
Hannah31,22,88.0,New York,True,2026-04-01
Sophia32,23,95.0,Chicago,True,2026-04-02
Victor33,24,54.0,,False,2026-04-03
Sophia34,19,72.0,Los Angeles,True,2026-04-04
Frank35,22,91.0,Phoenix,True,2026-04-05
Victor36,19,56.0,Los Angeles,False,2026-04-06
Tom37,20,66.0,Chicago,True,2026-04-07
Bob38,19,71.0,Chicago,True,2026-04-08
Oscar39,23,94.0,Phoenix,True,2026-04-09
Leo40,23,73.0,New York,True,2026-04-10
Grace41,24,76.0,Los Angeles,True,2026-04-11
Hannah42,25,76.0,,True,2026-04-12
Karen43,25,65.0,New York,True,2026-04-13
Bob44,25,72.0,Los Angeles,True,2026-04-14
Victor45,20,99.0,Phoenix,True,2026-04-15
Ryan46,21,61.0,Chicago,True,2026-04-16
Tom47,22,82.0,Phoenix,True,2026-04-17
Bob48,24,93.0,Los Angeles,True,2026-04-18
Charlie49,24,57.0,Chicago,False,2026-04-19
Victor50,22,62.0,Houston,True,2026-04-20
Frank51,23,69.0,Houston,True,2026-04-21
Tom52,24,82.0,Los Angeles,True,2026-04-22
Jack53,23,98.0,Chicago,True,2026-04-23
Grace54,20,,Houston,,2026-04-24
Yara55,19,95.0,Houston,True,2026-04-25
Eva56,24,56.0,Los Angeles,False,2026-04-26
Wendy57,23,57.0,Houston,False,2026-04-27
Ryan58,23,96.0,Houston,True,2026-04-28
Ryan59,22,66.0,Chicago,True,2026-04-29
Quinn60,22,68.0,Chicago,True,2026-04-30
Ryan61,19,95.0,Houston,True,2026-05-01
Ryan62,22,99.0,New York,True,2026-05-02
Yara63,23,112.0,Houston,True,2026-05-03
Nina64,23,64.0,Chicago,True,2026-05-04
Alice65,22,60.0,Los Angeles,True,2026-05-05
Ryan66,19,55.0,Los Angeles,False,2026-05-06
Frank67,19,71.0,Houston,True,2026-05-07
Nina68,21,53.0,Chicago,False,2026-05-08
Charlie69,25,65.0,New York,True,2026-05-09
Hannah70,20,79.0,Chicago,True,2026-05-10
Tom71,24,69.0,New York,True,2026-05-11
Sophia72,24,62.0,Los Angeles,True,2026-05-12
Yara73,21,86.0,Chicago,True,2026-05-13
Victor74,21,-4.0,New York,False,2026-05-14
Leo75,24,61.0,Chicago,True,2026-05-15
Ryan76,25,67.0,Los Angeles,True,2026-05-16
Charlie77,21,89.0,Chicago,True,2026-05-17
,25,66.0,Phoenix,True,2026-05-18
Ian79,23,,New York,,2026-05-19
Nina80,22,95.0,New York,True,2026-05-20
Hannah81,22,80.0,Chicago,True,2026-05-21
Xander82,23,66.0,Los Angeles,True,2026-05-22
Xander83,23,97.0,Phoenix,True,2026-05-23
Quinn84,23,64.0,Chicago,True,2026-05-24
,23,68.0,Los Angeles,True,2026-05-25
Yara86,22,110.0,Houston,True,2026-05-26
Bob87,21,75.0,Phoenix,True,2026-05-27
Bob88,20,65.0,Houston,True,2026-05-28
Zane89,23,78.0,Phoenix,True,2026-05-29
Jack90,23,98.0,Los Angeles,True,2026-05-30
Charlie91,20,76.0,Phoenix,True,2026-05-31
Bob92,20,54.0,Chicago,False,2026-06-01
Uma93,23,84.0,Los Angeles,True,2026-06-02
Eva94,19,86.0,Houston,True,2026-06-03
Wendy95,21,81.0,Phoenix,True,2026-06-04
Nina96,24,93.0,Phoenix,True,2026-06-05
Alice97,25,98.0,Phoenix,True,2026-06-06
Ian98,20,55.0,Houston,False,2026-06-07
Victor99,19,68.0,Houston,True,2026-06-08
Ryan100,19,99.0,Phoenix,True,2026-06-09
Alice101,24,83.0,Houston,True,2026-06-10
Yara102,19,78.0,Houston,True,2026-06-11
Uma103,23,50.0,New York,False,2026-06-12
David104,22,95.0,Chicago,True,2026-06-13
Paula105,22,88.0,Los Angeles,True,2026-06-14
Ian106,25,82.0,New York,True,2026-06-15
Jack107,25,59.0,Houston,False,2026-06-16
Ryan108,25,62.0,Los Angeles,True,2026-06-17
Hannah109,25,95.0,Houston,True,2026-06-18
Victor110,25,52.0,Phoenix,False,2026-06-19
David111,25,50.0,Houston,False,2026-06-20
Eva112,19,94.0,New York,True,2026-06-21
Victor113,25,98.0,Phoenix,True,2026-06-22
Charlie114,20,97.0,New York,True,2026-06-23
Wendy115,25,51.0,New York,False,2026-06-24
Leo116,22,100.0,Los Angeles,True,2026-06-25
Mona117,23,64.0,Chicago,True,2026-06-26
Victor118,19,84.0,Houston,True,2026-06-27
Sophia119,21,69.0,Houston,True,2026-06-28
David120,20,94.0,Houston,True,2026-06-29
Sophia121,25,88.0,Chicago,True,2026-06-30
Hannah122,23,66.0,Los Angeles,True,2026-07-01
Uma123,24,73.0,New York,True,2026-07-02
Karen124,24,73.0,Chicago,True,2026-07-03
Ian125,25,71.0,Houston,True,2026-07-04
Eva126,25,75.0,Phoenix,True,2026-07-05
Zane127,22,,Houston,,2026-07-06
Xander128,24,73.0,Los Angeles,True,2026-07-07
Tom129,23,90.0,Chicago,True,2026-07-08
David130,20,57.0,Phoenix,False,2026-07-09
Oscar131,21,76.0,Los Angeles,True,2026-07-10
Uma132,19,67.0,Chicago,True,2026-07-11
Oscar133,20,84.0,Chicago,True,2026-07-12
Ian134,20,55.0,Phoenix,False,2026-07-13
Bob135,25,63.0,Phoenix,True,2026-07-14
Grace136,25,88.0,,True,2026-07-15
Eva137,20,51.0,Chicago,False,2026-07-16
Hannah138,23,97.0,New York,True,2026-07-17
Paula139,22,82.0,Phoenix,True,2026-07-18
Zane140,25,51.0,Houston,False,2026-07-19
Nina141,24,55.0,Los Angeles,False,2026-07-20
Ian142,23,88.0,Houston,True,2026-07-21
Nina143,19,99.0,Los Angeles,True,2026-07-22
Hannah144,22,56.0,Chicago,False,2026-07-23
Leo145,20,55.0,New York,False,2026-07-24
Leo146,25,85.0,New York,True,2026-07-25
Victor147,25,68.0,Chicago,True,2026-07-26
Quinn148,20,72.0,Chicago,True,2026-07-27
Ian149,23,99.0,Phoenix,True,2026-07-28
Ryan150,19,51.0,Chicago,False,2026-07-29
Leo151,19,54.0,New York,False,2026-07-30
Quinn152,20,69.0,Phoenix,True,2026-07-31
Bob153,20,67.0,Houston,True,2026-08-01
Oscar154,22,77.0,Phoenix,True,2026-08-02
Victor155,21,50.0,Los Angeles,False,2026-08-03
Yara156,21,77.0,Houston,True,2026-08-04
Hannah157,23,75.0,New York,True,2026-08-05
Oscar158,19,95.0,Chicago,True,2026-08-06
Alice159,21,94.0,New York,True,2026-08-07
David160,20,69.0,Los Angeles,True,2026-08-08
Frank161,19,99.0,Los Angeles,True,2026-08-09
Eva162,21,91.0,Houston,True,2026-08-10
Sophia163,25,91.0,Phoenix,True,2026-08-11
Uma164,21,69.0,Phoenix,True,2026-08-12
Quinn165,19,68.0,New York,True,2026-08-13
Quinn166,22,52.0,Phoenix,False,2026-08-14
Karen167,23,56.0,Chicago,False,2026-08-15
Charlie168,23,78.0,Phoenix,True,2026-08-16
Leo169,21,53.0,Chicago,False,2026-08-17
David170,23,92.0,Phoenix,True,2026-08-18
Karen171,19,91.0,Houston,True,2026-08-19
Wendy172,19,58.0,Phoenix,False,2026-08-20
Victor173,22,110.0,Los Angeles,True,2026-08-21
Yara174,22,68.0,New York,True,2026-08-22
Ryan175,25,99.0,Phoenix,True,2026-08-23
Frank176,20,60.0,New York,True,2026-08-24
Victor177,24,97.0,Los Angeles,True,2026-08-25
Jack178,25,93.0,Houston,True,2026-08-26
Jack179,25,62.0,Los Angeles,True,2026-08-27
Bob180,24,95.0,New York,True,2026-08-28
Yara181,20,77.0,Los Angeles,True,2026-08-29
Leo182,19,74.0,Chicago,True,2026-08-30
Karen183,19,58.0,Houston,False,2026-08-31
Eva184,25,-9.0,,False,2026-09-01
Eva185,23,99.0,Chicago,True,2026-09-02
Hannah186,22,81.0,New York,True,2026-09-03
Sophia187,20,-5.0,Houston,False,2026-09-04
Victor188,19,84.0,Phoenix,True,2026-09-05
Mona189,25,66.0,Chicago,True,2026-09-06
Leo190,20,97.0,Los Angeles,True,2026-09-07
Ryan191,21,79.0,Houston,True,2026-09-08
Zane192,20,68.0,Los Angeles,True,2026-09-09
Karen193,21,66.0,Los Angeles,True,2026-09-10
Yara194,19,73.0,Houston,True,2026-09-11
Mona195,21,83.0,New York,True,2026-09-12
Charlie196,22,70.0,Chicago,True,2026-09-13
Jack197,22,72.0,Chicago,True,2026-09-14
Nina198,21,92.0,Chicago,True,2026-09-15
Xander199,24,93.0,New York,True,2026-09-16
Hannah200,25,52.0,Houston,False,2026-09-17
Leo201,22,75.0,Chicago,True,2026-09-18
David202,19,85.0,Chicago,True,2026-09-19
Grace203,23,57.0,New York,False,2026-09-20
Wendy204,22,70.0,New York,True,2026-09-21
Jack205,21,90.0,Chicago,True,2026-09-22
David206,20,73.0,Chicago,True,2026-09-23
Ryan207,20,95.0,Phoenix,True,2026-09-24
Nina208,25,54.0,Phoenix,False,2026-09-25
Yara209,23,77.0,New York,True,2026-09-26
Quinn210,20,64.0,Phoenix,True,2026-09-27
Charlie211,21,90.0,Phoenix,True,2026-09-28
Uma212,20,89.0,Phoenix,True,2026-09-29
Sophia213,19,102.0,Phoenix,True,2026-09-30
Grace214,25,90.0,Chicago,True,2026-10-01
Zane215,25,53.0,Houston,False,2026-10-02
Grace216,21,96.0,Chicago,True,2026-10-03
Eva217,25,79.0,Houston,True,2026-10-04
David218,19,65.0,Los Angeles,True,2026-10-05
Sophia219,24,82.0,Chicago,True,2026-10-06
Charlie220,22,72.0,Chicago,True,2026-10-07
Uma221,24,77.0,Chicago,True,2026-10-08
Yara222,22,62.0,Chicago,True,2026-10-09
Quinn223,22,93.0,Los Angeles,True,2026-10-10
Mona224,21,98.0,Phoenix,True,2026-10-11
Quinn225,19,80.0,Los Angeles,True,2026-10-12
Quinn226,20,89.0,Chicago,True,2026-10-13
Quinn227,25,80.0,Chicago,True,2026-10-14
David228,22,94.0,Phoenix,True,2026-10-15
Uma229,25,53.0,Los Angeles,False,2026-10-16
Xander230,23,65.0,New York,True,2026-10-17
Oscar231,21,82.0,Houston,True,2026-10-18
Xander232,24,70.0,Houston,True,2026-10-19
Karen233,20,93.0,Chicago,True,2026-10-20
Grace234,20,69.0,Los Angeles,True,2026-10-21
Paula235,21,96.0,New York,True,2026-10-22
Ryan236,22,99.0,Chicago,True,2026-10-23
Wendy237,19,80.0,Phoenix,True,2026-10-24
Ryan238,24,65.0,Phoenix,True,2026-10-25
Hannah239,19,93.0,New York,True,2026-10-26
Frank240,22,91.0,Chicago,True,2026-10-27
Uma241,19,84.0,New York,True,2026-10-28
Frank242,22,75.0,Los Angeles,True,2026-10-29
Jack243,19,,New York,,2026-10-30
Karen244,21,58.0,Houston,False,2026-10-31
Zane245,19,95.0,Chicago,True,2026-11-01
Sophia246,24,75.0,Phoenix,True,2026-11-02
Mona247,24,65.0,,True,2026-11-03
Oscar248,25,86.0,,True,2026-11-04
Wendy249,20,75.0,Chicago,True,2026-11-05
Alice0,24,93.0,Phoenix,True,2026-03-01
Nina1,19,,Phoenix,,2026-03-02
Ryan2,20,78.0,New York,True,2026-03-03
